Final cadence mutation rate (/note),Stressed mutation rate (/note/year),Unstressed mutation rate (/note),Grace note mutation rate (/note),"Transmission mode (written, oral (one singer), oral (two singers), written-oral, oral-written) [NB: Counted as written if newever variant does not provide specific singing as source]",Full mutation rate (/note),2nd,3rd,4th,5th,6th,7th,Overall ID No.,Ballad no.,Variant no.,Bronson's tune family (detailed),Year,Date,Meter (Bronson),"Note sequence (c.f. Savage & Atkinson 2015; / = phrase break, // = section break or repeat; bold=stressed, plain=unstressed [only done for some songs]) (light gree= 80-85% GOP.8, dark green >85% GOP.8)",Seriation order (GOP 12 GEP 6 Ignore mode),"PID GOP 12 GEP 6 Ignore mode (w following variant, unless otherwise specified",Highly related (>85%) pair number,Recording,Comment,Singer,1,2,3,4,5,6,7,8,9,10,11,mutation no. (manual),mutation no. (auto),No. grace note mutations,Total positions in pair where one or both are grace notes,No. final note mutations,No. stressed note mutations (if either site stressed),Total positions in pair where one or both are stressed notes,-C,#NAME?,#NAME?,#NAME?,#NAME?,#NAME?,#NAME?,#NAME?,#NAME?,#NAME?,#NAME?,#NAME?,Cd,CD,Ce,CE,CF,Cg,CG,Ca,CA,Cb,CB,De,DE,DF,Dg,DG,Da,DA,Db,DB,EF,Eg,EG,Ea,EA,Eb,EB,Fg,FG,Fa,FA,Fb,FB,Ga,GA,Gb,GB,Ab,AB,dD,de,dE,dF,dg,dG,da,dA,db,dB,eE,eF,eg,eG,ea,eA,eb,eB,gG,ga,gA,gb,gB,aA,ab,aB,bB,Seriation order (GOP .8 GEP .2 Include mode),"PID GOP .8 GEP .2 Ignore mode (w following variant, unless otherwise specified","Mode (Bronson)/Tonic (NHK; in NHK the staff note G was here assigned as the tonic for yo and in modes (see Vol 9 p. 6) and for consistency I've coded this as the tonic ""C"". But in many cases the true tonic is different, usually the ending note, and this true tonic/final note is noted here. When the final note is clearly not the true tonic, I've given the final note in brackets)",No. phrases,Phrasal structure,Country (County/State),NHK CD No.,NHK Track No.,"Aligned sequence (PID>85%, most closely related pairs only from larger families; bold = rhythmic accent, italic=grace note [acciatura/appogiatura])",Years between melodies,No. unstressed mutations,Aligned sequence length,No. stressed notes,No. unstressed sites,Grace note mutation rate (/note/year),Full mutation rate (/note/year),Final cadence mutation rate (/note/year),Stressed mutation rate (/note/year),Unstressed mutation rate (/note/year),PID >85%?,Transmission,"Noteworthy mutations? (>tritone; out-of-scale; m3=1 step; suggesting conscious innovation? [but didn't include different text, since this is capture in a different column)",Scale degree no. change,Total mutations (automatic),Sequence MINUS PHRASE MARKINGS,Aligned sequence stressed notes only MINUS PHRASE MARKINGS,"Automatically identified tune family (seriation, PID, overlapping families [2+] grouped into one)","Automatically identified tune family (seriation, PID, overlapping families [3+] grouped into one)","Automatically identified tune family (seriation, PID, overlapping families [2+] grouped into one, grouping isolates with surrounding variants)","Automatically identified tune family (seriation, PID, overlapping families [3+] grouped into one, grouping isolates with surrounding variants)",Automatically identified (all members PID>40),Automatically identified (all members p<.05),My preliminary alignment choice?,Bronson's (1976) abridgement?,Chosen for focused alignment?,"Aligned sequence (PID>85%: orange = uncounted for 90%PAM, green=uncounted for 85% PAM; blue=automatic multiple alignment GOP=.8,GEP=.2)",Sequence length (all sequences),Aligned sequence (PID>90%: orange = uncounted for PAM),"Aligned sequence (Cassilis only: yellow=modified from original, green=still needs modification)",Bronson's tune family (coarse),"Automatically identified tune family (Network, Cassilis-only)","Order around network plane (anti-clockwise, starting near beginning of Cassilis family)",MDS Dimension 1,MDS Dimension 2,Range,Mode (Savage et al. 2012),No. of scale degrees,Meter (Savage et al. 2012),Beat sub-division,Geographical Index Order No.,Recording no.,Country,Region,Transmission region,Date range,Century,No. of scale degrees,Country (County/State),Count,Burden,Refrain scheme,Upbeat,Phrases 1/2 accented notes + final,Authority,Medium,Volume,Collector,C-,d-,D-,e-,E-,F-,g-,G-,a-,A-,b-,B-,dC,DC,eC,EC,FC,gC,GC,aC,AC,bC,BC,eD,ED,FD,gD,GD,aD,AD,bD,BD,FE,gE,GE,aE,AE,bE,BE,gF,GF,aF,AF,bF,BF,aG,AG,bG,BG,bA,BA,Dd,ed,Ed,Fd,gd,Gd,ad,Ad,bd,Bd,Ee,Fe,ge,Ge,ae,Ae,be,Be,Gg,ag,Ag,bG,BG,Aa,ba,Ba,Bb,0 (indel),1 (indel),2 (indel),3 (indel),4 (indel),5 (indel),6 (indel),7 (indel),8 (indel),9 (indel)
0,0.133333333,0.263157895,1,,0.226415094,1,1,0,0,0,0,5047,NHK 2 (Kanto),289,______,,,04-Feb,CDD-DGF/FGAAGAFDDDFDCDFGFGF/FGGDCbCDDCCDCbGFGb-CDCb--CD,10156,0.145833333,501,Older,,,,1,1,,,,,,,,,12,12,1,1,0,2,15,2,,2,,,2,,2,,,2,,,,,,,,,,,,,,,1,,,,,,,,,,,,,,,,,,,,,1,,,,,,,,,,,,,,,,,,,,,,,,,,,,,,,,12125,,D,4,,Japan (Chiba),,,,,10,53,,38,,,,,,,,,,#REF!,CDD-DGFFGAAGAFDDDFDCDFGFGFFGGDCbCDDCCDCbGFGb-CDCb--CD,,,,,,,,,,,,,,,,,,,,,,,,,,,,,,,,,,,,,,,,,,,,,,,,,,,,,,,,,,,,,,,,,,,,,,,,,,,,,,,,,,,,,,,,,,,,,,,,,,,,,,,,,,,,,,,,,,,,,,,,,,,,,,,,,,
0,0.066666667,0.276595745,0.777777778,,0.225806452,1,0,0,0,0,0,5136,NHK 2 (Kanto),396,______,,,04-Feb,DFGbCFDF-DFFDFFDCDCDbCDFDFCbCbGbC-FGbGGG/DDFGb-CCC--bC-bGFGbGGG,10328,0.125,502,Older,,,1,,,,,,,,,,,14,14,7,9,0,1,15,4,,4,,,1,,,,,4,,,,,,,,,,,,,,,,,,,,,,,,,,,,,,,,,,,,,,,1,,,,,,,,,,,,,,,,,,,,,,,,,,,,,11234,,G,2,,Japan (Tokyo),,,,,13,62,,47,,,,,,,,,,,DFGbCFDF-DFFDFFDCDCDbCDFDFCbCbGbC-FGbGGGDDFGb-CCC--bC-bGFGbGGG,,,,,,,,,,,,,,,,,,,,,,,,,,,,,,,,,,,,,,,,,,,,,,,,,,,,,,,,,,,,,,,,,,,,,,,,,,,,,,,,,,,,,,,,,,,,,,,,,,,,,,,,,,,,,,,,,,,,,,,,,,,,,,,,,,
0,0,0.38,0.909090909,,0.246753247,1,0,0,0,0,0,4534,NHK 1 (Tohoku),373,_________,1941,1941/05/17,04-Feb,GbCDG-F--GbGbGbGFD/FGFDFGFDC--b-/bCbCDCDDF--b--GbGCbG/FGbGbCbDCDFGFDCbCbGbGFGCbC,10586,0.161764706,503,Older,*Highly related to NHK1.372 ;shamisen accomp,,,1,,,,,,,,,,19,19,10,11,0,0,27,1,,3,,,2,,6,,,6,,,1,,,,,,,,,,,,,,,,,,,,,,,,,,,,,,,,,,,,,,,,,,,,,,,,,,,,,,,,,,,,,,,,,11831,,C,2,,Japan (Akita),6,25,GbCDG-F--GbGbGbGFD/FGFDFGFDC--b-/bCbCDCDDF--b--GbGCbG/FGbGbCbDCDFGFDCbCbGbGFGCbC,0.5,19,77,,50,1.818181818,0.493506494,0,#DIV/0!,0.76,,,,,,GbCDG-F--GbGbGbGFDFGFDFGFDC--b-bCbCDCDDF--b--GbGCbGFGbGbCbDCDFGFDCbCbGbGFGCbC,,,,,,,,,,,,,,,,,,,,,,,,,,,,,,,,,,,,,,,,,,,,,,,,,,,,,,,,,,,,,,,,,,,,,,,,,,,,,,,,,,,,,,,,,,,,,,,,,,,,,,,,,,,,,,,,,,,,,,,,,,,,,,,,,,
0,0.133333333,0.145454545,0.111111111,,0.142857143,4,0,0,0,0,0,4390,NHK 1 (Tohoku),218,________,1941,1941/05/14,04-Feb,FGADEDDCbGbCDCbGFFDFCDFbGbGbCbGbGG/bCDGF--GFDFCDFbGbGGFDFCDFbGbGbCbGbGG,10608,0.119402985,504,Older,,____(39)?,,4,,,,,,,,,,10,10,2,18,0,2,15,1,,1,,1,2,,1,,,,,,2,,,,,,,,,,,1,,,,,,,,,,,,,,,,1,,,,,,,,,,,,,,,,,,,,,,,,,,,,,,,,,,,,,,11751,,G,2,,Japan (Miyagi),4,15,,,8,70,,55,,,,,,,,,,,FGADEDDCbGbCDCbGFFDFCDFbGbGbCbGbGGbCDGF--GFDFCDFbGbGGFDFCDFbGbGbCbGbGG,,,,,,,,,,,,,,,,,,,,,,,,,,,,,,,,,,,,,,,,,,,,,,,,,,,,,,,,,,,,,,,,,,,,,,,,,,,,,,,,,,,,,,,,,,,,,,,,,,,,,,,,,,,,,,,,,,,,,,,,,,,,,,,,,,
0,0.15,0.19047619,0.5,,0.180722892,4,0,0,1,0,0,7686,NHK 6 (Chugoku),242,________,,,02-Feb,DFGFGFFFDCDFD-D/DCCCDCDFDFGFFDCbCbCDCbGbGG/CCbCbbbGFDFGbCbCDCbGFDFGCG/GFDFDFGbCbDCbGFG,10631,0.128205128,505,Older,,_____(30),,4,,,,,1,,,,,15,15,2,4,0,3,20,5,,2,,,2,,1,,,,,,1,,,,,,,,3,,,,,,,,,,,,,,,,,,,,,,1,,,,,,,,,,,,,,,,,,,,,,,,,,,,,,,,,,,11874,,G,4,,Japan (Shimane),,,,,12,83,,63,,,,,,,,,,,DFGFGFFFDCDFD-DDCCCDCDFDFGFFDCbCbCDCbGbGGCCbCbbbGFDFGbCbCDCbGFDFGCGGFDFDFGbCbDCbGFG,,,,,,,,,,,,,,,,,,,,,,,,,,,,,,,,,,,,,,,,,,,,,,,,,,,,,,,,,,,,,,,,,,,,,,,,,,,,,,,,,,,,,,,,,,,,,,,,,,,,,,,,,,,,,,,,,,,,,,,,,,,,,,,,,,
0,0,0.163934426,0.8,,0.133333333,0,0,0,0,0,0,7689,NHK 6 (Chugoku),245,___________,,,04-Feb,FGGCbbGFDDFGbCCDDCCDFDFDCCFDCbGFDFGCbGFG/CDCCbGbCDC/bCFDFCDCbGFDFGbCbbGFDDFFG//,10671,0.072463768,506,Older,,____(73),,,,,,,,,,,,10,10,4,5,0,0,14,1,,4,,,5,,,,,,,,,,,,,,,,,,,,,,,,,,,,,,,,,,,,,,,,,,,,,,,,,,,,,,,,,,,,,,,,,,,,,,,,,11726,,G,3,,Japan (Shimane),,,,,10,75,,61,,,,,,,,,,,FGGCbbGFDDFGbCCDDCCDFDFDCCFDCbGFDFGCbGFGCDCCbGbCDCbCFDFCDCbGFDFGbCbbGFDDFFG,,,,,,,,,,,,,,,,,,,,,,,,,,,,,,,,,,,,,,,,,,,,,,,,,,,,,,,,,,,,,,,,,,,,,,,,,,,,,,,,,,,,,,,,,,,,,,,,,,,,,,,,,,,,,,,,,,,,,,,,,,,,,,,,,,
0,0.08,0.209677419,0.333333333,,0.172413793,4,0,0,0,0,0,4526,NHK 1 (Tohoku),365,_________,1941,1941/05/16,04-Feb,CDGF-GAGAGFD/DFGACD-GFDFDCDFDC-bGFGbGFD/DFGbCDFDFDFDCbCFC-FCDFCb-FGbGFD-D/DFGbDC-DFDC-bGFG,10844,0.116564417,508,Older,Shamisen accomp,,2,2,,,,,,,,,,15,15,1,3,0,2,25,3,,4,,,2,,1,,,1,,,1,,,,,,,,,,,,,,,,,,,,,,,,,,,1,,,,,,,,,2,,,,,,,,,,,,,,,,,,,,,,,,,,,,,11853,,G,4,,Japan (Akita),6,20?,CDGF-GAGAGFD/DFGACD-GFDFDCDFDC-bGFGbGFD/DFGbCDFDFDFDCbCFC-FCDFCb-FGbGFD-D/DFGbDC-DFDC-bGFG,0.5,13,87,,62,0.666666667,0.344827586,0,#DIV/0!,0.419354839,,,,,,CDGF-GAGAGFDDFGACD-GFDFDCDFDC-bGFGbGFDDFGbCDFDFDFDCbCFC-FCDFCb-FGbGFD-DDFGbDC-DFDC-bGFG,,,,,,,,,,,,,,,,,,,,,,,,,,,,,,,,,,,,,,,,,,,,,,,,,,,,,,,,,,,,,,,,,,,,,,,,,,,,,,,,,,,,,,,,,,,,,,,,,,,,,,,,,,,,,,,,,,,,,,,,,,,,,,,,,,
0,0,0.136986301,0.363636364,,0.10989011,1,1,0,0,0,0,8313,NHK 6 (Chugoku),801,__________,1950,1950/08/04,04-Feb,GGFDFGCDCbGCbGFDFDCDFDFG/FFGDFDCbCbDFGbGFDFG/GDFGCbCbGCbGFDFDCDFDFG/CGFDDFDCbC-CbG/GbCDF--DCC-D,11136,0.068181818,509,Older,,_____,,1,,1,,,,,,,,10,10,4,11,0,0,18,,,3,,,3,,1,,,1,,,1,,,,,,,,,,,,,,,,,1,,,,,,,,,,,,,,,,,,,,,,,,,,,,,,,,,,,,,,,,,,,,,,,,12541,,D,5,,Japan (Yamaguchi),,,,,10,91,,73,,,,,,,,,,,GGFDFGCDCbGCbGFDFDCDFDFGFFGDFDCbCbDFGbGFDFGGDFGCbCbGCbGFDFDCDFDFGCGFDDFDCbC-CbGGbCDF--DCC-D,,,,,,,,,,,,,,,,,,,,,,,,,,,,,,,,,,,,,,,,,,,,,,,,,,,,,,,,,,,,,,,,,,,,,,,,,,,,,,,,,,,,,,,,,,,,,,,,,,,,,,,,,,,,,,,,,,,,,,,,,,,,,,,,,,
0,0.0625,0.028571429,0,,0.039215686,1,0,0,0,0,0,4364,NHK 1 (Tohoku),192.1,________,,,04-Feb,CDCCDGFGFGAFGFCDCDFDFGFGFDCbCDCC/CDFGFAGFDCbCDFGFDCC,11191,0.04950495,510,Older,split into sub-parts to match previous variant (94% PID),,,1,,,,,,,,,,2,2,0,1,0,1,16,,,,,,,,,,1,,,,,,,,,,,,,,,,,,,,,,,,,,,,,,,,,,,,,1,,,,,,,,,,,,,,,,,,,,,,,,,,,,,,,,12496,,C,2,,Japan (Iwate),None,None,,,1,51,,35,,,,,,,,,,,CDCCDGFGFGAFGFCDCDFDFGFGFDCbCDCCCDFGFAGFDCbCDFGFDCC,,,,,,,,,,,,,,,,,,,,,,,,,,,,,,,,,,,,,,,,,,,,,,,,,,,,,,,,,,,,,,,,,,,,,,,,,,,,,,,,,,,,,,,,,,,,,,,,,,,,,,,,,,,,,,,,,,,,,,,,,,,,,,,,,,
0,0,0.011235955,,,0.009090909,0,0,0,0,0,0,5475,NHK 3 (Hokuriku),270.2,___,,,04-Feb,GbCbCDFGFGGFGAGFGFDDFGGFDFGFGDFCCb-GbCCDCbC/bCCDFGFGGFGDFGFDCbCD/DFGGFDCCDFDCCbGFGGbGFG/GbCCDDFGFDCbG/GbCDFFDFDCbC//,11217,0.00456621,511,Older,"*related, pre-aligned",,,,,,,,,,,,,1,1,0,0,0,0,21,,,,,,,,1,,,,,,,,,,,,,,,,,,,,,,,,,,,,,,,,,,,,,,,,,,,,,,,,,,,,,,,,,,,,,,,,,,,,,,,10129,,C,5,,Japan (Toyama),,,,,1,110,,89,,,,,,,,,,,GbCbCDFGFGGFGAGFGFDDFGGFDFGFGDFCCb-GbCCDCbCbCCDFGFGGFGDFGFDCbCDDFGGFDCCDFDCCbGFGGbGFGGbCCDDFGFDCbGGbCDFFDFDCbC,,,,,,,,,,,,,,,,,,,,,,,,,,,,,,,,,,,,,,,,,,,,,,,,,,,,,,,,,,,,,,,,,,,,,,,,,,,,,,,,,,,,,,,,,,,,,,,,,,,,,,,,,,,,,,,,,,,,,,,,,,,,,,,,,,
0,0,0.071428571,,,0.045454545,0,0,0,0,0,0,5864,NHK 4 (Chuo Kochi/Tokai),139,______,,,04-Feb,FGAAGAGAFFFFDCbCFGAAGFGDCFCCbGG/bCDFDFGDCDb/CCC/FGAAGAGAFFFFDCbCFGAAGFGDCFCCbGG/bCDFGDCDbCCC,11286,0.023255814,512,Older,,_________,,,,,,,,,,,,4,4,0,0,0,0,32,2,,2,,,,,,,,,,,,,,,,,,,,,,,,,,,,,,,,,,,,,,,,,,,,,,,,,,,,,,,,,,,,,,,,,,,,,,,,,,,,12462,,C,4,,Japan (Nagano),,,,,4,88,,56,,,,,,,,,,,FGAAGAGAFFFFDCbCFGAAGFGDCFCCbGGbCDFDFGDCDbCCCFGAAGAGAFFFFDCbCFGAAGFGDCFCCbGGbCDFGDCDbCCC,,,,,,,,,,,,,,,,,,,,,,,,,,,,,,,,,,,,,,,,,,,,,,,,,,,,,,,,,,,,,,,,,,,,,,,,,,,,,,,,,,,,,,,,,,,,,,,,,,,,,,,,,,,,,,,,,,,,,,,,,,,,,,,,,,
0,0,0.125,,,0.103448276,0,0,0,0,0,0,7993,NHK 6 (Chugoku),498.3,______________1.___________,,,02-Feb,bGGbbbG-FFGFDFFDCbCDFFFDCDFGF//,11348,0.054545455,513,Older,used first only for consistency with related variant NHK6.498.6,_____(60)_____(65)_,,,,,,,,,,,,3,3,0,0,0,0,5,,,1,,,2,,,,,,,,,,,,,,,,,,,,,,,,,,,,,,,,,,,,,,,,,,,,,,,,,,,,,,,,,,,,,,,,,,,,,,,,,10761,,F,1,,Japan (Hiroshima),,,,,3,29,,24,,,,,,,,,,,bGGbbbG-FFGFDFFDCbCDFFFDCDFGF,,,,,,,,,,,,,,,,,,,,,,,,,,,,,,,,,,,,,,,,,,,,,,,,,,,,,,,,,,,,,,,,,,,,,,,,,,,,,,,,,,,,,,,,,,,,,,,,,,,,,,,,,,,,,,,,,,,,,,,,,,,,,,,,,,
0,0,0.105263158,,,0.074074074,0,0,0,0,0,0,7678,NHK 6 (Chugoku),236.3,_______,,,04-Feb,--GCDFGFDGFDCDFbCDFGFDGFDCD//,11481,0.038461538,514,Older,ignored after first section for consistency,____(54)_,,,,,,,,,,,,2,2,0,0,0,0,8,,,,,,,,2,,,,,,,,,,,,,,,,,,,,,,,,,,,,,,,,,,,,,,,,,,,,,,,,,,,,,,,,,,,,,,,,,,,,,,,10732,,F,3,,Japan (Shimane),,,,,2,27,,19,,,,,,,,,,,#NAME?,,,,,,,,,,,,,,,,,,,,,,,,,,,,,,,,,,,,,,,,,,,,,,,,,,,,,,,,,,,,,,,,,,,,,,,,,,,,,,,,,,,,,,,,,,,,,,,,,,,,,,,,,,,,,,,,,,,,,,,,,,,,,,,,,,
0,0,0.012658228,0,,0.010526316,0,0,0,0,0,0,6385,NHK 4 (Chuo Kochi/Tokai),683,___________,,,04-Apr,DCCCDCbCbCDCb/bCDFDCDCbbbCb//DCCCDCbCbCDCb/bCDFDCDCbbbCb//DCCCDCbCbCDCbbGFDFGbCb//DCCCDCbCbCDCbGFDFGbCb//,11707,0.005291005,516,Older,"*ignored after start of ""Tempo I"" section because there is an ambiguous modulation - later parts may well be worth comparing, but may need transposition",,,,,,,,,,,,,1,1,0,6,0,0,16,,,,,,,,,,,1,,,,,,,,,,,,,,,,,,,,,,,,,,,,,,,,,,,,,,,,,,,,,,,,,,,,,,,,,,,,,,,,,,,,10254,,b,5,,Japan (Gifu),,,,,1,95,,79,,,,,,,,,,,DCCCDCbCbCDCbbCDFDCDCbbbCbDCCCDCbCbCDCbbCDFDCDCbbbCbDCCCDCbCbCDCbbGFDFGbCbDCCCDCbCbCDCbGFDFGbCb,,,,,,,,,,,,,,,,,,,,,,,,,,,,,,,,,,,,,,,,,,,,,,,,,,,,,,,,,,,,,,,,,,,,,,,,,,,,,,,,,,,,,,,,,,,,,,,,,,,,,,,,,,,,,,,,,,,,,,,,,,,,,,,,,,
1,0.029411765,0.09,0.129032258,,0.074626866,2,0,0,0,0,0,6066,NHK 4 (Chuo Kochi/Tokai),347,______,,,04-Feb,DFGGaCCGaGFGF//GGG//GaaGa-GFDFGGaG//GGGG//aa//G-GFGFCdCaC//GGG//aCdGaGF/GaGFCdCC//GGG//DGGaCCG//GaGFGF//GGG//GGaaaGFDFGGaG//GGGG//aa//GGFGFCdCaC//GGG//aCdGaGF/GaGFCdC-//---,12081,0.046153846,517,Older,,,2,,,,,,,,,,,10,10,4,31,1,1,34,1,,,,,,,4,3,,,,,,,,,,,,,,,,,,,,,,,,,,,,,,,,,,,,,2,,,,,,,,,,,,,,,,,,,,,,,,,,,,,,,,,14950,,C,19,,Japan (Shizuoka),,,,,9,134,,100,,,,,,,,,,,DFGGaCCGaGFGFGGGGaaGa-GFDFGGaGGGGGaaG-GFGFCdCaCGGGaCdGaGFGaGFCdCCGGGDGGaCCGGaGFGFGGGGGaaaGFDFGGaGGGGGaaGGFGFCdCaCGGGaCdGaGFGaGFCdC----,,,,,,,,,,,,,,,,,,,,,,,,,,,,,,,,,,,,,,,,,,,,,,,,,,,,,,,,,,,,,,,,,,,,,,,,,,,,,,,,,,,,,,,,,,,,,,,,,,,,,,,,,,,,,,,,,,,,,,,,,,,,,,,,,,
0,0.111111111,0.134615385,0,,0.131147541,0,0,0,0,0,0,7600,NHK 6 (Chugoku),161.2,________________,,,02-Feb,DDFGAAGFGFDD//--AAAFGGAA//AAA-GFDFFGAAAGGAAGFDD//FGAAACCGAA//AAA-GFDF//,12191,0.113043478,518,Older,,___(61)____(60),,,,,,,,,,,,8,8,0,1,0,1,9,,,1,,,3,,3,,1,,,,,,,,,,,,,,,,,,,,,,,,,,,,,,,,,,,,,,,,,,,,,,,,,,,,,,,,,,,,,,,,,,,,,12984,,F,5,,Japan (Shimane),,,,,7,61,,52,,,,,,,,,,,DDFGAAGFGFDD--AAAFGGAAAAA-GFDFFGAAAGGAAGFDDFGAAACCGAAAAA-GFDF,,,,,,,,,,,,,,,,,,,,,,,,,,,,,,,,,,,,,,,,,,,,,,,,,,,,,,,,,,,,,,,,,,,,,,,,,,,,,,,,,,,,,,,,,,,,,,,,,,,,,,,,,,,,,,,,,,,,,,,,,,,,,,,,,,
0,0,0.137931034,,,0.091954023,2,0,0,0,0,0,9126,NHK 10 (Hokkaido),15.07,___________________3_,1962,1962/11/12,04-Feb,AGAGFDC/FCAA/ACFDFDC/FCAA/AAAGGFDD-/CCCGACFDD-/AAAAGGFDD-/CCCGACFDD-/AAAAGGFDD-/CCCGACFDD-/CDFCAA,12211,0.05952381,519,Older,*related to previous two; Ignored repeat,_______,,2,,,,,,,,,,8,8,0,0,0,0,29,6,,,,,,,,,,,,,,,,,,,,,,,,,,,,,,,,,,,,,,,,2,,,,,,,,,,,,,,,,,,,,,,,,,,,,,,,,,,,,,,13236,,A,,,Japan (Hokkaido),None,None,AGAGFDC/FCAA/ACFDFDC/FCAA/AAAGGFDD-/CCCGACFDD-/AAAAGGFDD-/CCCGACFDD-/AAAAGGFDD-/CCCGACFDD-/CDFCAA,0.5,8,87,,58,,0.183908046,0,#DIV/0!,0.275862069,,,,,,AGAGFDCFCAAACFDFDCFCAAAAAGGFDD-CCCGACFDD-AAAAGGFDD-CCCGACFDD-AAAAGGFDD-CCCGACFDD-CDFCAA,,,,,,,,,,,,,,,,,,,,,,,,,,,,,,,,,,,,,,,,,,,,,,,,,,,,,,,,,,,,,,,,,,,,,,,,,,,,,,,,,,,,,,,,,,,,,,,,,,,,,,,,,,,,,,,,,,,,,,,,,,,,,,,,,,
0,0.125,0.16,0.5,,0.151515152,0,1,0,0,0,0,7313,NHK 5 (Kinki),889.1,____________,,,02-Feb,GCCCCCDFC-AGGAGF/FGA-CCFGCCFCFG-G// ,12254,0.147540984,520,Older,,,,,1,,,,,,,,,5,5,2,4,0,1,8,1,,1,,,,,1,,1,,,,,,,,,,,1,,,,,,,,,,,,,,,,,,,,,,,,,,,,,,,,,,,,,,,,,,,,,,,,,,,,,,,,,,12787,,G,2,,Japan (Mie),,,,,4,33,,25,,,,,,,,,,,GCCCCCDFC-AGGAGFFGA-CCFGCCFCFG-G ,,,,,,,,,,,,,,,,,,,,,,,,,,,,,,,,,,,,,,,,,,,,,,,,,,,,,,,,,,,,,,,,,,,,,,,,,,,,,,,,,,,,,,,,,,,,,,,,,,,,,,,,,,,,,,,,,,,,,,,,,,,,,,,,,,
0,0,0.039215686,0,,0.028169014,1,0,0,0,0,0,6274,NHK 4 (Chuo Kochi/Tokai),567,______,,,04-Feb,FGaCdCaGFGCdCCdCaGFGFF//aGF-//FGaCCdCaGFGACCACC/CdCaCdCaGFF/FGACdCaGFGaGFGaGG,12341,0.007092199,521,Older,,,,1,,,,,,,,,,2,2,0,3,0,0,20,,,,,,1,,,,,,,,,,,,,,,,,,,,,,,,,,,,,,,,,,,1,,,,,,,,,,,,,,,,,,,,,,,,,,,,,,,,,,,,,,14535,,G,5,,Japan (Gifu),,,,,2,71,,51,,,,,,,,,,,FGaCdCaGFGCdCCdCaGFGFFaGF-FGaCCdCaGFGACCACCCdCaCdCaGFFFGACdCaGFGaGFGaGG,,,,,,,,,,,,,,,,,,,,,,,,,,,,,,,,,,,,,,,,,,,,,,,,,,,,,,,,,,,,,,,,,,,,,,,,,,,,,,,,,,,,,,,,,,,,,,,,,,,,,,,,,,,,,,,,,,,,,,,,,,,,,,,,,,
0,0.033333333,0.294117647,0.882352941,,0.214285714,2,0,0,0,0,0,5873,NHK 4 (Chuo Kochi/Tokai),148,_______,,,04-Feb,DFDbDFGDC--ACDFGFD---CADCCAGFG/ACDCFGC--AGAF-DFGFAGAD--C/ACDFDD--CACA/CD--CACDCAGFGFGAFD/G----/FGAFAGG ,12344,0.141242938,522,Older,"""[6/8]""",,,2,,,,,,,,,,21,21,15,17,0,1,30,3,,7,,,5,,2,,2,,,,,,,,,,,,1,,,,,,,,,,,,,,,,,,,1,,,,,,,,,,,,,,,,,,,,,,,,,,,,,,,,,,,,,,13257,,G,4,,Japan (Nagano),,,,,20,98,,68,,,,,,,,,,,DFDbDFGDC--ACDFGFD---CADCCAGFGACDCFGC--AGAF-DFGFAGAD--CACDFDD--CACACD--CACDCAGFGFGAFDG----FGAFAGG ,,,,,,,,,,,,,,,,,,,,,,,,,,,,,,,,,,,,,,,,,,,,,,,,,,,,,,,,,,,,,,,,,,,,,,,,,,,,,,,,,,,,,,,,,,,,,,,,,,,,,,,,,,,,,,,,,,,,,,,,,,,,,,,,,,
0,0,0.260273973,,,0.184466019,2,0,1,0,0,0,8813,NHK 9 (S. Kyushu),226,_______________,1965,1965/09/01,04-Feb,CFGACDCACAGFF/FGAGAGAC-CDCAGF/CDCACACDFGFGAG/ACDCAAG/ACAGAGFF//FACACACCCDCAAGF/CDCACACDFGFFGAG/ACDCAAG/ACAGAGFF// ,12391,0.136842105,523,Older,"*NHK225-228 all highly related, but 226-227 have extra section",___(47),,2,,,1,,,,,,,19,19,0,0,0,0,30,4,,3,,,,,3,,6,,,,1,,,,,1,,,,,,,,,,,,,,,,,,,,,,1,,,,,,,,,,,,,,,,,,,,,,,,,,,,,,,,,,,,,,13146,,F,9,,Japan (Miyazaki),5,19,,,19,103,,73,,,,,,,,,,,CFGACDCACAGFFFGAGAGAC-CDCAGFCDCACACDFGFGAGACDCAAGACAGAGFFFACACACCCDCAAGFCDCACACDFGFFGAGACDCAAGACAGAGFF ,,,,,,,,,,,,,,,,,,,,,,,,,,,,,,,,,,,,,,,,,,,,,,,,,,,,,,,,,,,,,,,,,,,,,,,,,,,,,,,,,,,,,,,,,,,,,,,,,,,,,,,,,,,,,,,,,,,,,,,,,,,,,,,,,,
0,0.142857143,0.03125,1,,0.051282051,0,0,0,0,0,0,8246,NHK 6 (Chugoku),739.1,_____________2._____,1966,1966/08/25,02-Feb,GGGDFGCAGGFD-FDDD//GFGACDCCAGFGCACFDFDCDD//,12921,0.026315789,525,Older,,____(43)_,,,,,,,,,,,,2,2,1,1,0,1,7,,,2,,,,,,,,,,,,,,,,,,,,,,,,,,,,,,,,,,,,,,,,,,,,,,,,,,,,,,,,,,,,,,,,,,,,,,,,,,,,14216,,D,2,,Japan (Yamaguchi),,,,,1,39,,32,,,,,,,,,,,GGGDFGCAGGFD-FDDDGFGACDCCAGFGCACFDFDCDD,,,,,,,,,,,,,,,,,,,,,,,,,,,,,,,,,,,,,,,,,,,,,,,,,,,,,,,,,,,,,,,,,,,,,,,,,,,,,,,,,,,,,,,,,,,,,,,,,,,,,,,,,,,,,,,,,,,,,,,,,,,,,,,,,,
0,0,0.081632653,,,0.061538462,1,0,0,0,0,0,5857,NHK 4 (Chuo Kochi/Tokai),135.4,_______________,,,04-Feb,FGGGAGFFCDFGFDFGFDFCbGFGGbCD/FDFGDCFFbGFG/FGAGFDFG/FGA-AC-GFD/FFGFFG ,13130,0.04,526,Older,aligned p.104 NHK4,,,1,,,,,,,,,,4,4,0,0,0,0,16,,,,,,,,2,,1,,,,,,,,,,,,,,,,,,,,,,,,,,,,,,,1,,,,,,,,,,,,,,,,,,,,,,,,,,,,,,,,,,,,,,12209,,G,5,,Japan (Nagano),,,,,4,65,,49,,,,,,,,,,,FGGGAGFFCDFGFDFGFDFCbGFGGbCDFDFGDCFFbGFGFGAGFDFGFGA-AC-GFDFFGFFG ,,,,,,,,,,,,,,,,,,,,,,,,,,,,,,,,,,,,,,,,,,,,,,,,,,,,,,,,,,,,,,,,,,,,,,,,,,,,,,,,,,,,,,,,,,,,,,,,,,,,,,,,,,,,,,,,,,,,,,,,,,,,,,,,,,
0,0.277777778,0.314814815,0.5,,0.305555556,20,0,0,0,0,0,5243,NHK 3 (Hokuriku),52,______,,,04-Feb,GaCCaGaFFGaaaCaGFGaGFdCC/CaCdCCCFGFaGF/FGaFdFdCCCaCdCCCFFGFCddCCFGaCaGFGGG,13187,0.014084507,527,Older,*??%PID?; modal shift![? confirm w recording],,20,,,,,,,,,,,22,22,2,4,0,5,18,,,,,,,,1,,1,,,,,,,,,,,,,,,,,,,,,,,,,,,,,,,,,,,,,,,,,,7,,,,,,,,,,,,,,,,,,,,,,,13,,,,14244,,G,3,,Japan (Niigata),,,,,17,72,,54,,,,,,,,,,,GaCCaGaFFGaaaCaGFGaGFdCCCaCdCCCFGFaGFFGaFdFdCCCaCdCCCFFGFCddCCFGaCaGFGGG,,,,,,,,,,,,,,,,,,,,,,,,,,,,,,,,,,,,,,,,,,,,,,,,,,,,,,,,,,,,,,,,,,,,,,,,,,,,,,,,,,,,,,,,,,,,,,,,,,,,,,,,,,,,,,,,,,,,,,,,,,,,,,,,,,
0,0.125,0.271186441,1,,0.24,5,0,0,0,0,0,7419,NHK 6 (Chugoku),12,______,,,04-Feb,GACAG-GAGFD/FGAGFDCDF-AGFDC/CCDFGAGAGFGG//GACAG-GAGFD/FGAGFDCDFAGFDC/-CDFGAGAGFGG,13520,0.138686131,528,Older,,,,5,,,,,,,,,,18,18,2,2,0,2,16,1,,,,,1,,4,,7,,,,,,,,,,,,,,,,,,,,,,,,,,,,,,,1,,,,,,4,,,,,,,,,,,,,,,,,,,,,,,,,,,,,,,,13606,,G,6,,Japan (Tottori),,,,,16,75,,59,,,,,,,,,,,GACAG-GAGFDFGAGFDCDF-AGFDCCCDFGAGAGFGGGACAG-GAGFDFGAGFDCDFAGFDC-CDFGAGAGFGG,,,,,,,,,,,,,,,,,,,,,,,,,,,,,,,,,,,,,,,,,,,,,,,,,,,,,,,,,,,,,,,,,,,,,,,,,,,,,,,,,,,,,,,,,,,,,,,,,,,,,,,,,,,,,,,,,,,,,,,,,,,,,,,,,,
0,0.035714286,0.196721311,0.4,,0.146067416,1,0,0,0,0,0,6069,NHK 4 (Chuo Kochi/Tokai),349,__________,,,04-Feb,DFGaGFGaaCaG/GFG--F/FGCGaGFGaaGFG/CFG-------GFGFG//GGaCaGFGF/GaaGFGFGFCCdFdC/CdCdGaGFdC/DFd-DCDCC//,13644,0.119047619,529,Older,,,,1,,,,,,,,,,13,13,8,20,0,1,28,1,,,,,2,,5,4,,,,,1,,,,,,,,,,,,,,,,,,,,,,,,,,,,,,,,,,,,,,,,,,,,,,,,,,,,,,,,,,,,,,,,,14474,,C,8,,Japan (Shizuoka),,,,,12,89,,61,,,,,,,,,,,DFGaGFGaaCaGGFG--FFGCGaGFGaaGFGCFG-------GFGFGGGaCaGFGFGaaGFGFGFCCdFdCCdCdGaGFdCDFd-DCDCC,,,,,,,,,,,,,,,,,,,,,,,,,,,,,,,,,,,,,,,,,,,,,,,,,,,,,,,,,,,,,,,,,,,,,,,,,,,,,,,,,,,,,,,,,,,,,,,,,,,,,,,,,,,,,,,,,,,,,,,,,,,,,,,,,,
1,0.16,0.164179104,,,0.163043478,7,0,0,0,0,0,8750,NHK 9 (S. Kyushu),168,__________,1964,1964/12/19,04-Feb,aCCCdaGFGFaCdFGFdCa/-FaFaCadFGFGCdCaGaCCdCa-/FaFaCadFGFGCdCaGaCdCCdaGFGaGF/CdFGaCdC--aGadCCdCa-,13994,0.079545455,530,Older,,,6,1,,,,,,,,,,15,15,0,0,1,4,25,1,3,,,,1,,2,1,,,,1,,,,,,,,,,,,,,,,,,,,,,,,,,,,1,,,,,,,,,,,2,,,,,,,,,,,,,,,,,,,,,,,3,,,,14586,,a,4,,Japan (Miyazaki),,,,,11,92,,67,,,,,,,,,,,aCCCdaGFGFaCdFGFdCa-FaFaCadFGFGCdCaGaCCdCa-FaFaCadFGFGCdCaGaCdCCdaGFGaGFCdFGaCdC--aGadCCdCa-,,,,,,,,,,,,,,,,,,,,,,,,,,,,,,,,,,,,,,,,,,,,,,,,,,,,,,,,,,,,,,,,,,,,,,,,,,,,,,,,,,,,,,,,,,,,,,,,,,,,,,,,,,,,,,,,,,,,,,,,,,,,,,,,,,
0,0,0.12244898,,,0.08,0,0,0,0,0,0,5763,NHK 4 (Chuo Kochi/Tokai),50.2,____B_,,,04-Feb,FGaCCdCaC/CdFFGFdCaC//CddCaGFGaaG/FFGFFG//FGaCCdCaC/CdFFGFdCaCFGa//CddCaGFGaaG/FFGFFG//,14147,0.076923077,531,Older,*aligned p.40 NHK 6; included final repeat for consistency with surrunding related variants,,,,,,,,,,,,,6,6,0,0,0,0,26,2,,,,,2,,2,,,,,,,,,,,,,,,,,,,,,,,,,,,,,,,,,,,,,,,,,,,,,,,,,,,,,,,,,,,,,,,,,,,,,,,14540,,G,8,,Japan (Yamanashi),,,,,6,75,,49,,,,,,,,,,,FGaCCdCaCCdFFGFdCaCCddCaGFGaaGFFGFFGFGaCCdCaCCdFFGFdCaCFGaCddCaGFGaaGFFGFFG,,,,,,,,,,,,,,,,,,,,,,,,,,,,,,,,,,,,,,,,,,,,,,,,,,,,,,,,,,,,,,,,,,,,,,,,,,,,,,,,,,,,,,,,,,,,,,,,,,,,,,,,,,,,,,,,,,,,,,,,,,,,,,,,,,
0,0.125,0.267605634,0.571428571,,0.223300971,0,2,2,0,0,0,4834,NHK 2 (Kanto),6,________,,,04-Feb,DDDFDCACDFGFDFGFDFDCACD-DCACAAGF/FGACAGAbFDFDCACDGFDA//DDDFDCACDFGFDF-GFDFDCACDDCACAAGF/FGACAGACFDFDCACDGFD,14199,0.138297872,532,Older,,,,,1,1,2,,,,,,,23,23,8,14,0,4,32,1,,4,,,6,,2,,6,,,,,,,2,,,,1,,,,,,,,,,1,,,,,,,,,,,,,,,,,,,,,,,,,,,,,,,,,,,,,,,,,,,,,,,,13327,,D,4,,Japan (Ibaraki),,,,,19,103,,71,,,,,,,,,,,DDDFDCACDFGFDFGFDFDCACD-DCACAAGFFGACAGAbFDFDCACDGFDADDDFDCACDFGFDF-GFDFDCACDDCACAAGFFGACAGACFDFDCACDGFD,,,,,,,,,,,,,,,,,,,,,,,,,,,,,,,,,,,,,,,,,,,,,,,,,,,,,,,,,,,,,,,,,,,,,,,,,,,,,,,,,,,,,,,,,,,,,,,,,,,,,,,,,,,,,,,,,,,,,,,,,,,,,,,,,,
0,0.052631579,0.261904762,0.5,,0.196721311,4,1,0,0,0,0,8341,NHK 6 (Chugoku),829,__________,1960,1960/06/28,04-Feb,DCCDCAGACDCDFDCACDCAGAC//-DFDCCDCAGACDCFDCAAG-//CAAGGFFG/CCAAGGFFG,14404,0.113043478,533,Older,,,3,1,1,,,,,,,,,12,12,1,2,0,1,19,4,,1,,,1,,1,,,,,,1,,,,,,,,,,,,1,,,,,,,,,,,,,,,,,,,,,,,,,,1,,,,,,,,,,,,,,,,,,,,,,,2,,,,13014,,G,4,,Japan (Yamaguchi),,,,,11,61,,42,,,,,,,,,,,DCCDCAGACDCDFDCACDCAGAC-DFDCCDCAGACDCFDCAAG-CAAGGFFGCCAAGGFFG,,,,,,,,,,,,,,,,,,,,,,,,,,,,,,,,,,,,,,,,,,,,,,,,,,,,,,,,,,,,,,,,,,,,,,,,,,,,,,,,,,,,,,,,,,,,,,,,,,,,,,,,,,,,,,,,,,,,,,,,,,,,,,,,,,
0,0.148148148,0.24137931,,,0.196428571,0,3,0,0,0,0,5850,NHK 4 (Chuo Kochi/Tokai),133.2,____________,,,04-Feb,CCdCaCCdCaGFGaC/CdCFdCdCaC-C/CdCaCCdCaGFGaC/FdCaaGFaaaGGFFG,14410,0.134615385,534,Older,aligned p.102 NHK4,,,,,3,,,,,,,,11,11,0,0,0,4,27,6,2,,,,,,,,,,,,,,,,,,1,,,,,,,,,,,,,,,,,,,,,,,,,,,,,,,,,,,2,,,,,,,,,,,,,,,,,,,,,,,,14832,,G,4,,Japan (Nagano),,,,,7,56,,29,,,,,,,,,,,CCdCaCCdCaGFGaCCdCFdCdCaC-CCdCaCCdCaGFGaCFdCaaGFaaaGGFFG,,,,,,,,,,,,,,,,,,,,,,,,,,,,,,,,,,,,,,,,,,,,,,,,,,,,,,,,,,,,,,,,,,,,,,,,,,,,,,,,,,,,,,,,,,,,,,,,,,,,,,,,,,,,,,,,,,,,,,,,,,,,,,,,,,
0,0.125,0.2,1,,0.170731707,5,1,0,0,0,0,7006,NHK 5 (Kinki),606.3,______,,,04-Jan,FGAADDDCD/FGGFDDCDC/GCDCDCACDCaaGF/GCAGFGAG ,14435,0.088607595,535,Older,aligned p.467 NHK5,,2,3,1,,,,,,,,,7,7,1,1,0,2,16,,,,,,,,1,,,,,,2,,,,,,,,,,,,1,,,,,,,,,,,,,,,1,,,,,,,,,,,,,,,,,,,,,,,,,,,,,,,,,,2,,,,12755,,G,4,,Japan (Wakayama),,,,,5,41,,25,,,,,,,,,,,FGAADDDCDFGGFDDCDCGCDCDCACDCaaGFGCAGFGAG ,,,,,,,,,,,,,,,,,,,,,,,,,,,,,,,,,,,,,,,,,,,,,,,,,,,,,,,,,,,,,,,,,,,,,,,,,,,,,,,,,,,,,,,,,,,,,,,,,,,,,,,,,,,,,,,,,,,,,,,,,,,,,,,,,,
0,0.3125,0.6,,,0.451612903,7,0,0,0,0,0,9137,NHK 10 (Hokkaido),23,___(1)__________,1979,1979/08/29,04-Feb,C-CCA//CC//DCAC-//CC//CDFD//DCC--//-DCAC//C-C,14544,0.127272727,536,Older,"*I don't think this and NHK2.364 truly evolved from one another (despite being highly related), rhythm/structure is too different. But should probably include them in the analysis anyway for objectivity",,7,,,,,,,,,,,14,14,0,0,0,5,16,2,1,1,,,1,,,,2,,,,,,,,,,,,,,,,,,,,,,,,,,,,,,,,,,,,,,,,,,4,,,,,,,,,,,,,,,,,,,,,,,3,,,,12767,,C,,,Japan (Hokkaido),10,14,,,9,31,,15,,,,,,,,,,,C-CCACCDCAC-CCCDFDDCC---DCACC-C,,,,,,,,,,,,,,,,,,,,,,,,,,,,,,,,,,,,,,,,,,,,,,,,,,,,,,,,,,,,,,,,,,,,,,,,,,,,,,,,,,,,,,,,,,,,,,,,,,,,,,,,,,,,,,,,,,,,,,,,,,,,,,,,,,
0,0,0.137931034,0.571428571,,0.108108108,1,1,0,0,0,0,8589,NHK 9 (S. Kyushu),10.25,______,1952,Feb-52,04-Mar,CFGaCFGaCCaCdC/aCdFdCdCaGaGFG/aGFGFdCdF,14580,0.083333333,537,Older,p. 17 alignment,,1,,1,,,,,,,,,4,4,4,7,0,0,8,,,,,,1,,1,,,,,1,,,,,,,,,,,,,,,,,,,,,,,,,,,,,1,,,,,,,,,,,,,,,,,,,,,,,,,,,,,,,,,,,,,14814,,F,3,,Japan (Kumamoto),,,,,4,37,,29,,,,,,,,,,,CFGaCFGaCCaCdCaCdFdCdCaGaGFGaGFGFdCdF,,,,,,,,,,,,,,,,,,,,,,,,,,,,,,,,,,,,,,,,,,,,,,,,,,,,,,,,,,,,,,,,,,,,,,,,,,,,,,,,,,,,,,,,,,,,,,,,,,,,,,,,,,,,,,,,,,,,,,,,,,,,,,,,,,
0,0,0.058823529,,,0.052631579,0,0,0,0,0,0,7581,NHK 6 (Chugoku),154.1,_______________3_,,,02-Feb,AGAGGAGGDGGGFGAGFDD//,14781,0.027027027,538,Older,ignored after first verse for consistency,,,,,,,,,,,,,1,1,0,0,0,0,2,,,,,,,,1,,,,,,,,,,,,,,,,,,,,,,,,,,,,,,,,,,,,,,,,,,,,,,,,,,,,,,,,,,,,,,,,,,,,,,,10844,,D,1,,Japan (Shimane),,,,,1,19,,17,,,,,,,,,,,AGAGGAGGDGGGFGAGFDD,,,,,,,,,,,,,,,,,,,,,,,,,,,,,,,,,,,,,,,,,,,,,,,,,,,,,,,,,,,,,,,,,,,,,,,,,,,,,,,,,,,,,,,,,,,,,,,,,,,,,,,,,,,,,,,,,,,,,,,,,,,,,,,,,,
0,0.153846154,0.19047619,,,0.176470588,0,0,1,0,0,0,4986,NHK 2 (Kanto),210,___,,,04-Feb,FFFFGFGaCdCa-GaGF/-FGaC-aGFG-a-FdCF,14813,0.142857143,539,Older,,,,,,,1,,,,,,,6,6,0,0,0,2,13,1,,,,,1,,2,1,,,,,,,,,,1,,,,,,,,,,,,,,,,,,,,,,,,,,,,,,,,,,,,,,,,,,,,,,,,,,,,,,,,,,,,14727,,F,2,,Japan (Chiba),,,,,4,34,,21,,,,,,,,,,,FFFFGFGaCdCa-GaGF-FGaC-aGFG-a-FdCF,,,,,,,,,,,,,,,,,,,,,,,,,,,,,,,,,,,,,,,,,,,,,,,,,,,,,,,,,,,,,,,,,,,,,,,,,,,,,,,,,,,,,,,,,,,,,,,,,,,,,,,,,,,,,,,,,,,,,,,,,,,,,,,,,,
0,0.142857143,0.16,1,,0.15625,0,0,0,0,0,0,7408,NHK 6 (Chugoku),1,______,,,04-Feb,ACDFGAGFGACAGFGAGFAFDCCDFGFDCDCC//,14832,0.084745763,541,Older,,,,,,,,,,,,,,5,5,3,3,0,1,7,1,,1,,,1,,1,,1,,,,,,,,,,,,,,,,,,,,,,,,,,,,,,,,,,,,,,,,,,,,,,,,,,,,,,,,,,,,,,,,,,,,,13974,,C,1,,Japan (Tottori),,,,,4,32,,25,,,,,,,,,,,ACDFGAGFGACAGFGAGFAFDCCDFGFDCDCC,,,,,,,,,,,,,,,,,,,,,,,,,,,,,,,,,,,,,,,,,,,,,,,,,,,,,,,,,,,,,,,,,,,,,,,,,,,,,,,,,,,,,,,,,,,,,,,,,,,,,,,,,,,,,,,,,,,,,,,,,,,,,,,,,,
0,0.25,0,0,,0.055555556,0,0,0,0,0,0,6987,NHK 5 (Kinki),589,________,,,02-Feb,CDbCDGFGFG/GGFDFDCb//,14970,0.028571429,542,Older,,,,,,,,,,,,,,1,1,0,1,0,1,4,,,,,,,,1,,,,,,,,,,,,,,,,,,,,,,,,,,,,,,,,,,,,,,,,,,,,,,,,,,,,,,,,,,,,,,,,,,,,,,,10813,,b,1,,Japan (Nara),,,,,0,18,,14,,,,,,,,,,,CDbCDGFGFGGGFDFDCb,,,,,,,,,,,,,,,,,,,,,,,,,,,,,,,,,,,,,,,,,,,,,,,,,,,,,,,,,,,,,,,,,,,,,,,,,,,,,,,,,,,,,,,,,,,,,,,,,,,,,,,,,,,,,,,,,,,,,,,,,,,,,,,,,,
0,0.02173913,0.215517241,,,0.160493827,8,3,1,0,2,0,10390,NHK 8 (N. Kyushu),421.1,_______________,1963,1963/09/22,04-Feb,CdCACdCACdC--dCACDCAG/ACCDCAGF//DDD-//DFDCCCDCC-ACDCAGFGFDFGACDCC//CDCACDFDCAGFGAACDDD//DDFDCCCA//CDCDCFGACDCAGGFC//FGFGCC//CCCCCDCA/CCC--/CbGCCb//CCCCbGCCb//D-DD-DCCCDC-/CCDC/CCCCbGCCb,20052,0.118971061,543,Older,,,4,4,3,,1,,,,2,,,26,26,0,0,0,1,46,4,,5,,,,,,,3,,,,4,,,,,1,,3,,,,,2,,,,,,,,,,,,,,,,,,,,,,,,,,4,,,,,,,,,,,,,,,,,,,,,,,,,,,21224,,b,16,,Japan (Oita),,,,,25,162,,116,,,,,,,,,,,CdCACdCACdC--dCACDCAGACCDCAGFDDD-DFDCCCDCC-ACDCAGFGFDFGACDCCCDCACDFDCAGFGAACDDDDDFDCCCACDCDCFGACDCAGGFCFGFGCCCCCCCDCACCC--CbGCCbCCCCbGCCbD-DD-DCCCDC-CCDCCCCCbGCCb,,,,,,,,,,,,,,,,,,,,,,,,,,,,,,,,,,,,,,,,,,,,,,,,,,,,,,,,,,,,,,,,,,,,,,,,,,,,,,,,,,,,,,,,,,,,,,,,,,,,,,,,,,,,,,,,,,,,,,,,,,,,,,,,,,
0,0.076923077,0.225,,,0.188679245,2,0,1,0,0,0,10191,NHK 8 (N. Kyushu),232,___,?,?,04-Feb,DFGAC-----/ACDA/CFGAC/DCDAGF/--AGF/CFGAC/ADCAFAGF//DDDCACACDD,20218,0.131313131,544,Older,,,,2,,,1,,,,,,,10,10,0,0,0,1,13,1,,2,,,2,,1,,1,,,,1,,,,,,,,,,,,,,,,1,,,,,,,,,,,1,,,,,,,,,,,,,,,,,,,,,,,,,,,,,,,,,,,,,,20897,,D,7,,Japan (Saga),,,,,9,53,,40,,,,,,,,,,,DFGAC-----ACDACFGACDCDAGF--AGFCFGACADCAFAGFDDDCACACDD,,,,,,,,,,,,,,,,,,,,,,,,,,,,,,,,,,,,,,,,,,,,,,,,,,,,,,,,,,,,,,,,,,,,,,,,,,,,,,,,,,,,,,,,,,,,,,,,,,,,,,,,,,,,,,,,,,,,,,,,,,,,,,,,,,
0,0,0.157894737,,,0.125,0,0,0,0,0,0,9358,NHK 7 (Shikoku),143.2,______(______,1950,1950/08/08,02-Feb,ACDF-DCDFDCACDCAGFGFGACC//A-CDFDCDFDCACDCAGFGFGACC,20356,0.111111111,545,Older,*duplicate?; ,,,,,,,,,,,,,6,6,0,0,0,0,10,,,,,,3,,2,,1,,,,,,,,,,,,,,,,,,,,,,,,,,,,,,,,,,,,,,,,,,,,,,,,,,,,,,,,,,,,,,,,,,,,,20814,0.043478261,C,2,,Japan (Ehime),,,,,6,48,,38,,,,,,,,,,,ACDF-DCDFDCACDCAGFGFGACCA-CDFDCDFDCACDCAGFGFGACC,,,,,,,,,,,,,,,,,,,,,,,,,,,,,,,,,,,,,,,,,,,,,,,,,,,,,,,,,,,,,,,,,,,,,,,,,,,,,,,,,,,,,,,,,,,,,,,,,,,,,,,,,,,,,,,,,,,,,,,,,,,,,,,,,,
0,0,0.151515152,,,0.113636364,1,0,2,0,0,0,9641,NHK 7 (Shikoku),412,_________________,1963,1963/06/17,04-Feb,CFDCCFGCdCACAGFDF-GAFGFF//CFDCCFGAGFDFGGGGGFD ,20466,0.142857143,546,Older,,,,1,,,2,,,,,,,5,5,0,0,0,0,11,,,,,,2,,,,,,,,,,,2,,,,,,,,,,,,,,,,,,,,,,,,1,,,,,,,,,,,,,,,,,,,,,,,,,,,,,,,,,,,,,,20639,,D,2,,Japan (Tokushima),,,,,5,44,,33,,,,,,,,,,,CFDCCFGCdCACAGFDF-GAFGFFCFDCCFGAGFDFGGGGGFD ,,,,,,,,,,,,,,,,,,,,,,,,,,,,,,,,,,,,,,,,,,,,,,,,,,,,,,,,,,,,,,,,,,,,,,,,,,,,,,,,,,,,,,,,,,,,,,,,,,,,,,,,,,,,,,,,,,,,,,,,,,,,,,,,,,
0,0.111111111,0.114285714,0.333333333,,0.113636364,0,0,1,0,0,0,9453,NHK 7 (Shikoku),233,______,1939,1939/10/17,04-Feb,AC-DFGCACACAAGFD/DFGAGFGCAGG/ACCDFGAGFGACDCAGG,20469,0.071428571,547,Older,,,,,,,1,,,,,,,5,5,2,6,0,1,9,1,,1,,,,,,,2,,,,,,,,,,,,,,,,,,,,1,,,,,,,,,,,,,,,,,,,,,,,,,,,,,,,,,,,,,,,,,,,,,,,,,20646,,G,3,,Japan (Ehime),,,,,4,44,,35,,,,,,,,,,,AC-DFGCACACAAGFDDFGAGFGCAGGACCDFGAGFGACDCAGG,,,,,,,,,,,,,,,,,,,,,,,,,,,,,,,,,,,,,,,,,,,,,,,,,,,,,,,,,,,,,,,,,,,,,,,,,,,,,,,,,,,,,,,,,,,,,,,,,,,,,,,,,,,,,,,,,,,,,,,,,,,,,,,,,,
0,0.214285714,0.216216216,0.75,,0.215686275,5,1,0,0,0,0,9637,NHK 7 (Shikoku),408,____________,1963,1963/06/17,02-Jan,DFGFDFGAGDFG-FDD//CCDFGAGGFF//FFF-CACDF/G-AGFDFGaGGGG--F//,20521,0.134020619,548,Older,,,1,4,1,,,,,,,,,11,11,3,4,0,3,14,,,1,,,1,,2,,1,,,,1,,,,,,,,,,,,1,,,,,,,,,,,,,,,3,,,,,,,,,,,,,,,,,,,,,,,,,,,,,,,,,,1,,,,20706,0.134020619,F,4,,Japan (Tokushima),,,,,8,51,,37,,,,,,,,,,,DFGFDFGAGDFG-FDDCCDFGAGGFFFFF-CACDFG-AGFDFGaGGGG--F,,,,,,,,,,,,,,,,,,,,,,,,,,,,,,,,,,,,,,,,,,,,,,,,,,,,,,,,,,,,,,,,,,,,,,,,,,,,,,,,,,,,,,,,,,,,,,,,,,,,,,,,,,,,,,,,,,,,,,,,,,,,,,,,,,
0,0.125,0.035714286,,,0.055555556,1,0,0,0,0,0,9340,NHK 7 (Shikoku),128.5,______________,1957,1957/11/18,02-Feb,FGGFGAGF/ACAGFFFGAGF/FGGFGAGF/ACAGFAGF ,20547,0.043478261,549,Older,,,,1,,,,,,,,,,2,2,0,0,0,1,8,,,,,,1,,,,,,,,,,,,,,,,,,,,,,,,,,,,,,,,,,,1,,,,,,,,,,,,,,,,,,,,,,,,,,,,,,,,,,,,,,20674,0.043478261,F,4,,Japan (Kagawa),,,,,1,36,,28,,,,,,,,,,,FGGFGAGFACAGFFFGAGFFGGFGAGFACAGFAGF ,,,,,,,,,,,,,,,,,,,,,,,,,,,,,,,,,,,,,,,,,,,,,,,,,,,,,,,,,,,,,,,,,,,,,,,,,,,,,,,,,,,,,,,,,,,,,,,,,,,,,,,,,,,,,,,,,,,,,,,,,,,,,,,,,,
0,0.071428571,0.2,0.666666667,,0.153846154,1,0,0,0,0,0,9742,NHK 7 (Shikoku),491,__________,1962,1962/07/26,04-Feb,#NAME?,20571,0.123287671,550,Older,,,,1,,,,,,,,,,6,6,2,3,0,1,14,2,,,,,2,,1,,,,,,1,,,,,,,,,,,,,,,,,,,,,,,,,,,,,,,,,,,,,,,,,,,,,,,,,,,,,,,,,,,,,,,,,20671,,G,2,,Japan (Kochi),,,,,5,39,,25,,,,,,,,,,,#NAME?,,,,,,,,,,,,,,,,,,,,,,,,,,,,,,,,,,,,,,,,,,,,,,,,,,,,,,,,,,,,,,,,,,,,,,,,,,,,,,,,,,,,,,,,,,,,,,,,,,,,,,,,,,,,,,,,,,,,,,,,,,,,,,,,,,
0,0.166666667,0.25,,,0.227272727,0,0,0,0,0,0,9575,NHK 7 (Shikoku),349.3,_________,1959,1959/11/28,02-Feb,FGFFGAG-//GGFFGAG/GGFFGAG/GGFDFGFF/FGFGAGGF/FDDFDF//,20612,0.102564103,552,Older,*one full phrase deleted,,,,,,,,,,,,,10,10,0,0,0,2,12,,,,,,2,,7,,1,,,,,,,,,,,,,,,,,,,,,,,,,,,,,,,,,,,,,,,,,,,,,,,,,,,,,,,,,,,,,,,,,,,,,20732,0.102564103,F,6,,Japan (Ehime),,,,,8,44,,32,,,,,,,,,,,FGFFGAG-GGFFGAGGGFFGAGGGFDFGFFFGFGAGGFFDDFDF,,,,,,,,,,,,,,,,,,,,,,,,,,,,,,,,,,,,,,,,,,,,,,,,,,,,,,,,,,,,,,,,,,,,,,,,,,,,,,,,,,,,,,,,,,,,,,,,,,,,,,,,,,,,,,,,,,,,,,,,,,,,,,,,,,
0,0.166666667,0.256097561,0.7,,0.24,7,0,0,0,1,1,9369,NHK 7 (Shikoku),150.2,___________2_,1957,1957/07/02,04-Apr,ACCDGFGFCDACDCbCFGAGAGFDFGFC//GFGaGFGFCdC-FGaGFGFG//FGaCdCbCCCdCaCFdCFGaDCAGFDFGFC//aGFGaGFGFCdC-FGaGFGFG ,20638,0.12568306,553,Older,,,3,4,,,,,,1,,1,,24,24,7,10,0,3,18,4,3,1,,,2,,2,2,,1,,1,1,,,,,,1,,,,,,,,,,,,,,,,,,,,,4,,,,,,,,,,,1,,,,,,,,,,,,,,,,,,,,,,,1,,,,21166,,G,4,,Japan (Ehime),,,,,21,100,,82,,,,,,,,,,,ACCDGFGFCDACDCbCFGAGAGFDFGFCGFGaGFGFCdC-FGaGFGFGFGaCdCbCCCdCaCFdCFGaDCAGFDFGFCaGFGaGFGFCdC-FGaGFGFG ,,,,,,,,,,,,,,,,,,,,,,,,,,,,,,,,,,,,,,,,,,,,,,,,,,,,,,,,,,,,,,,,,,,,,,,,,,,,,,,,,,,,,,,,,,,,,,,,,,,,,,,,,,,,,,,,,,,,,,,,,,,,,,,,,,
0,0.272727273,0.159090909,0.5,,0.181818182,1,0,0,0,0,0,9570,NHK 7 (Shikoku),348.2,____II ___,1962,1962/07/19,02-Feb,GGGAGGAGFDGFGFF/AG-FD-FGFF--D/DFFG-FDCb---/DDFDCb//DDFDCbCCC//,20759,0.128712871,554,Older,,,,1,,,,,,,,,,10,10,2,4,0,3,11,3,,1,,,1,,3,,,1,,,1,,,,,,,,,,,,,,,,,,,,,,,,,,,,,,,,,,,,,,,,,,,,,,,,,,,,,,,,,,,,,,,,,20360,,C,5,,Japan (Ehime),,,,,7,55,,44,,,,,,,,,,,GGGAGGAGFDGFGFFAG-FD-FGFF--DDFFG-FDCb---DDFDCbDDFDCbCCC,,,,,,,,,,,,,,,,,,,,,,,,,,,,,,,,,,,,,,,,,,,,,,,,,,,,,,,,,,,,,,,,,,,,,,,,,,,,,,,,,,,,,,,,,,,,,,,,,,,,,,,,,,,,,,,,,,,,,,,,,,,,,,,,,,
0,0.153846154,0.081081081,0,,0.1,0,0,0,0,0,0,9799,NHK 7 (Shikoku),547,________________,1962,1962/07/21,04-Feb,GbbCCbGFDFFGbCDFDCbC//C--GbCC//DCbCCbGFGFGFDFG-bCbGFG// ,21208,0.053763441,556,Older,,,,,,,,,,,,,,5,5,0,3,0,2,13,2,,,,,1,,1,,,1,,,,,,,,,,,,,,,,,,,,,,,,,,,,,,,,,,,,,,,,,,,,,,,,,,,,,,,,,,,,,,,,,,,,20227,0.145833333,G,3,,Japan (Kochi),,,,,3,50,,37,,,,,,,,,,,GbbCCbGFDFFGbCDFDCbCC--GbCCDCbCCbGFGFGFDFG-bCbGFG ,,,,,,,,,,,,,,,,,,,,,,,,,,,,,,,,,,,,,,,,,,,,,,,,,,,,,,,,,,,,,,,,,,,,,,,,,,,,,,,,,,,,,,,,,,,,,,,,,,,,,,,,,,,,,,,,,,,,,,,,,,,,,,,,,,